artist,album_type,track_name,release_date,release_year,popularity,duration_ms,explicit,disc_number,track_number,song_age_years,staying_index
TXT,album,Beautiful Strangers,2025-07-21,2025,85,138108,False,1,2,0,85.0
BTS,album,FAKE LOVE,2018-05-18,2018,79,242333,False,1,2,7,9.875
TXT,album,Ghost Girl,2025-07-21,2025,78,186601,False,1,3,0,78.0
Blackpink,single,As If It's Your Last,2017-06-22,2017,77,213264,False,1,1,8,8.555555555555555
Blackpink,single,BOOMBAYAH,2016-08-08,2016,77,240793,False,1,2,9,7.7
aespa,album,Drama,2023-11-10,2023,76,214973,False,1,1,2,25.33333333333333
BTS,album,Run BTS,2022-06-10,2022,76,204939,False,2,1,3,19.0
TXT,single,Love Language,2025-05-02,2025,76,177514,False,1,1,0,76.0
aespa,single,Dirty Work,2025-06-27,2025,75,180250,False,1,1,0,75.0
BTS,album,Butter,2022-06-10,2022,75,164952,False,1,18,3,18.75
BTS,album,Blood Sweat & Tears,2016-10-10,2016,74,217051,False,1,2,9,7.4
TXT,single,butterflies (feat. TAEHYUN & Kim Chaewon of LE SSERAFIM),2025-07-10,2025,74,164466,False,1,1,0,74.0
Blackpink,single,PLAYING WITH FIRE,2016-11-01,2016,74,197288,False,1,1,9,7.4
aespa,single,UP - KARINA Solo,2024-10-09,2024,74,166640,False,1,1,1,37.0
aespa,single,Whiplash,2024-10-21,2024,74,183226,False,1,1,1,37.0
TXT,album,Take My Half,2025-07-21,2025,74,176076,False,1,6,0,74.0
BTS,single,Permission to Dance,2021-07-23,2021,74,187585,False,1,1,4,14.8
TXT,album,Sunday Driver,2025-07-21,2025,74,167235,False,1,4,0,74.0
TXT,album,Upside Down Kiss,2025-07-21,2025,74,135331,False,1,1,0,74.0
BTS,album,DNA,2017-09-18,2017,73,223122,False,1,2,8,8.11111111111111
BTS,album,IDOL,2018-08-24,2018,73,222732,False,1,15,7,9.125
TXT,album,Dance With You,2025-07-21,2025,73,140822,False,1,5,0,73.0
Blackpink,single,WHISTLE,2016-08-08,2016,73,211631,False,1,1,9,7.3
TXT,album,Bird of Night,2025-07-21,2025,72,162199,False,1,7,0,72.0
TXT,album,Song of the Stars,2025-07-21,2025,72,206185,False,1,8,0,72.0
BTS,album,Euphoria,2018-08-24,2018,72,228615,False,1,1,7,9.0
Blackpink,album,Shut Down,2022-09-16,2022,72,175889,False,1,2,3,18.0
Blackpink,album,Pink Venom,2022-09-16,2022,72,186964,False,1,1,3,18.0
Blackpink,single,Kill This Love,2019-04-05,2019,72,189052,False,1,1,6,10.285714285714286
aespa,single,Dark Arts,2025-07-15,2025,71,181758,False,1,1,0,71.0
aespa,album,Armageddon,2024-05-27,2024,71,196466,False,1,2,1,35.5
BTS,album,Pied Piper,2017-09-18,2017,71,245620,False,1,5,8,7.888888888888889
Blackpink,album,Lovesick Girls,2020-10-02,2020,71,192765,False,1,5,5,11.833333333333334
BTS,single,Dreamers [Music from the FIFA World Cup Qatar 2022 Official Soundtrack],2022-11-20,2022,71,201391,False,1,1,3,17.75
TXT,album,Deja Vu,2024-04-01,2024,71,171427,False,1,3,1,35.5
Blackpink,album,How You Like That,2020-10-02,2020,71,180956,False,1,1,5,11.833333333333334
aespa,single,Next Level,2021-05-17,2021,70,221573,False,1,1,4,14.0
aespa,single,Savage,2021-10-05,2021,70,238143,False,1,2,4,14.0
aespa,album,Supernova,2024-05-27,2024,70,178880,False,1,1,1,35.0
BTS,album,Airplane pt.2,2018-05-18,2018,69,218614,False,1,8,7,8.625
aespa,single,Hold On Tight,2023-03-30,2023,69,149718,False,1,1,2,23.0
BTS,single,Left and Right (Feat. Jung Kook of BTS),2022-06-24,2022,69,154486,False,1,1,3,17.25
TXT,single,When the Day Comes,2025-05-11,2025,69,221266,False,1,1,0,69.0
Blackpink,album,Pretty Savage,2020-10-02,2020,69,199122,False,1,3,5,11.5
Blackpink,single,DDU-DU DDU-DU,2018-06-15,2018,68,209355,False,1,1,7,8.5
TXT,album,0X1=LOVESONG (I Know I Love You) feat. Seori,2021-05-31,2021,68,202203,False,1,2,4,13.6
TXT,single,Sugar Rush Ride,2023-01-27,2023,68,186570,False,1,2,2,22.666666666666668
BTS,album,Epiphany,2018-08-24,2018,68,240361,False,1,13,7,8.5
BTS,album,Magic Shop,2018-05-18,2018,68,275695,False,1,7,7,8.5
BTS,album,dimple,2017-09-18,2017,68,196776,False,1,4,8,7.555555555555555
BTS,single,Take Two,2023-06-09,2023,68,229953,False,1,1,2,22.666666666666668
TXT,album,LO$ER=LO♡ER,2021-08-17,2021,68,199919,False,1,1,4,13.6
BTS,album,Yet To Come,2022-06-10,2022,67,193593,False,1,19,3,16.75
BTS,album,Love Maze,2018-05-18,2018,67,221529,False,1,6,7,8.375
Blackpink,single,STAY,2016-11-01,2016,67,230322,False,1,2,9,6.7
BTS,album,Go Go,2017-09-18,2017,67,235779,False,1,8,8,7.444444444444445
aespa,single,Spicy,2023-09-15,2023,67,197040,False,1,2,2,22.33333333333333
Blackpink,album,Typa Girl,2022-09-16,2022,66,179172,False,1,3,3,16.5
BTS,album,Best Of Me,2017-09-18,2017,66,227191,False,1,3,8,7.333333333333333
TXT,single,Tinnitus (Wanna be a rock),2023-01-27,2023,66,157261,False,1,4,2,22.0
BTS,album,Anpanman,2018-05-18,2018,66,232966,False,1,9,7,8.25
Blackpink,single,Don't Know What To Do,2019-04-05,2019,65,201081,False,1,2,6,9.285714285714286
BTS,single,Bad Decisions (with BTS & Snoop Dogg),2022-08-05,2022,65,172714,False,1,1,3,16.25
Blackpink,album,Ice Cream (with Selena Gomez),2020-10-02,2020,65,175813,False,1,2,5,10.833333333333334
Blackpink,album,Tally,2022-09-16,2022,65,184248,False,1,7,3,16.25
BTS,album,MIC Drop,2017-09-18,2017,65,238193,False,1,7,8,7.222222222222222
TXT,album,I’ll See You There Tomorrow,2024-04-01,2024,65,196694,False,1,1,1,32.5
BTS,album,Trivia 轉 : Seesaw,2018-08-24,2018,65,246334,False,1,11,7,8.125
BTS,album,So What,2018-05-18,2018,65,281520,False,1,10,7,8.125
TXT,single,Blue Hour,2020-10-26,2020,65,209105,False,1,2,5,10.833333333333334
TXT,single,Good Boy Gone Bad,2022-05-09,2022,65,191038,False,1,2,3,16.25
BTS,album,The Truth Untold (feat. Steve Aoki),2018-05-18,2018,65,242292,False,1,3,7,8.125
BTS,single,Dynamite,2020-09-18,2020,64,199053,False,1,1,5,10.666666666666666
BTS,album,I'm Fine,2018-08-24,2018,64,240339,False,1,14,7,8.0
TXT,album,Chasing That Feeling,2023-10-13,2023,64,182670,False,1,2,2,21.33333333333333
Blackpink,single,JUMP,2025-07-11,2025,64,164718,False,1,1,0,64.0
BTS,album,Answer : Love Myself,2018-08-24,2018,64,251279,False,1,16,7,8.0
BTS,album,Lie,2016-10-10,2016,64,215752,False,1,4,9,6.4
aespa,single,Dirty Work (feat. Flo Milli),2025-06-27,2025,63,180127,False,1,2,0,63.0
TXT,album,9 and Three Quarters (Run Away),2019-10-21,2019,63,211866,False,1,2,6,9.0
BTS,album,For Youth,2022-06-10,2022,63,264480,False,3,1,3,15.75
aespa,single,Dopamine - GISELLE Solo,2024-10-09,2024,63,194093,False,1,2,1,31.5
BTS,single,Make It Right (feat. Lauv),2019-10-18,2019,63,226321,False,1,1,6,9.0
Blackpink,single,Sour Candy (with BLACKPINK),2020-05-28,2020,63,157706,False,1,1,5,10.5
BTS,album,Paradise,2018-05-18,2018,63,211223,False,1,5,7,7.875
BTS,single,Film out,2021-04-01,2021,63,214620,False,1,1,4,12.6
TXT,single,Devil by the Window,2023-01-27,2023,62,186471,False,1,1,2,20.666666666666668
TXT,single,Back for More (with Anitta),2023-09-15,2023,62,131037,False,1,1,2,20.666666666666668
BTS,album,134340,2018-05-18,2018,62,230063,False,1,4,7,7.75
TXT,single,Opening Sequence,2022-05-09,2022,62,177976,False,1,1,3,15.5
aespa,single,Bored! - NINGNING Solo,2024-10-09,2024,62,171160,False,1,3,1,31.0
BTS,album,BTS Cypher 4,2016-10-10,2016,62,294463,False,1,11,9,6.2
aespa,single,Spark - WINTER Solo,2024-10-09,2024,62,201200,False,1,4,1,31.0
aespa,single,Thirsty,2023-05-08,2023,62,193413,False,1,4,2,20.666666666666668
BTS,single,Black Swan,2020-01-17,2020,62,198260,False,1,1,5,10.333333333333334
BTS,album,21st Century Girl,2016-10-10,2016,62,192596,False,1,13,9,6.2
BTS,single,"Angel Pt. 1 (feat. Jimin of BTS, JVKE & Muni Long)",2023-05-17,2023,61,175802,False,1,2,2,20.33333333333333
BTS,album,Your eyes tell,2020-07-14,2020,61,245146,False,1,12,5,10.166666666666666
BTS,album,Stigma,2016-10-10,2016,61,216063,False,1,5,9,6.1
BTS,single,"Angel Pt. 2 (feat. Jimin of BTS, Charlie Puth and Muni Long / FAST X Soundtrack)",2023-06-15,2023,61,176454,False,1,1,2,20.33333333333333
aespa,single,Black Mamba,2020-11-17,2020,61,174933,False,1,1,5,10.166666666666666
BTS,single,The Planet,2023-05-12,2023,61,178156,False,1,1,2,20.33333333333333
Blackpink,album,Hard to Love,2022-09-16,2022,61,162569,False,1,5,3,15.25
BTS,album,Dimple,2018-08-24,2018,61,196776,False,1,5,7,7.625
TXT,single,CROWN,2019-03-04,2019,61,230706,False,1,2,6,8.714285714285714
TXT,album,The Killa (I Belong to You),2024-04-01,2024,61,162642,False,1,5,1,30.5
TXT,album,Anti-Romantic,2021-05-31,2021,61,215188,False,1,1,4,12.2
BTS,single,All Night (BTS World Original Soundtrack) (Pt. 3),2019-06-21,2019,60,216873,False,1,1,6,8.571428571428571
TXT,album,Miracle,2024-04-01,2024,60,163886,False,1,4,1,30.0
TXT,album,Heaven,2024-11-08,2024,60,154988,False,1,1,1,30.0
aespa,single,Lucid Dream,2021-10-05,2021,60,210560,False,1,6,4,12.0
BTS,album,Born Singer,2022-06-10,2022,60,238628,False,1,1,3,15.0
aespa,single,Better Things,2023-08-18,2023,60,203216,False,1,1,2,20.0
BTS,album,Stay Gold,2020-07-14,2020,60,243266,False,1,2,5,10.0
BTS,album,Let Go,2018-04-04,2018,60,299706,False,1,11,7,7.5
BTS,album,Trivia 起 : Just Dance,2018-08-24,2018,60,225220,False,1,2,7,7.5
BTS,album,Intro: Singularity,2018-05-18,2018,60,196998,False,1,1,7,7.5
Blackpink,album,Love To Hate Me,2020-10-02,2020,60,169797,False,1,7,5,10.0
TXT,album,Do It Like That,2023-10-13,2023,59,145065,False,1,9,2,19.666666666666668
BTS,album,Awake,2016-10-10,2016,59,226160,False,1,9,9,5.9
TXT,single,Can't You See Me?,2020-05-18,2020,59,201445,False,1,2,5,9.833333333333334
BTS,album,Outro: Tear,2018-05-18,2018,59,284980,False,1,11,7,7.375
BTS,album,Singularity,2018-08-24,2018,59,196998,False,1,8,7,7.375
BTS,album,The Truth Untold,2018-08-24,2018,59,242292,False,1,10,7,7.375
TXT,single,Thursday's Child Has Far To Go,2022-05-09,2022,59,211399,False,1,5,3,14.75
Blackpink,single,THE GIRLS (BLACKPINK THE GAME OST),2023-08-25,2023,59,162000,False,1,1,2,19.666666666666668
BTS,album,Crystal Snow,2018-04-04,2018,59,323360,False,1,9,7,7.375
BTS,album,2! 3!,2016-10-10,2016,59,272537,False,1,14,9,5.9
BTS,album,Lost,2016-10-10,2016,59,241787,False,1,10,9,5.9
TXT,single,Cat & Dog,2019-03-04,2019,58,187573,False,1,4,6,8.285714285714286
Blackpink,album,Bet You Wanna (Feat. Cardi B),2020-10-02,2020,58,159168,False,1,4,5,9.666666666666666
Blackpink,album,Ready For Love,2022-09-16,2022,58,184677,False,1,8,3,14.5
BTS,single,Dream Glow (BTS World Original Soundtrack) (Pt. 1),2019-06-07,2019,58,187457,False,1,1,6,8.285714285714286
Blackpink,single,Kick It,2019-04-05,2019,58,191225,False,1,3,6,8.285714285714286
TXT,album,Quarter Life,2024-04-01,2024,58,149346,False,1,6,1,29.0
TXT,album,No Rules,2021-05-31,2021,58,186076,False,1,6,4,11.6
BTS,album,Begin,2016-10-10,2016,58,229740,False,1,3,9,5.8
Blackpink,single,Really,2018-06-15,2018,58,197789,False,1,3,7,7.25
Blackpink,album,The Happiest Girl,2022-09-16,2022,58,222025,False,1,6,3,14.5
aespa,single,aenergy,2021-10-05,2021,58,147400,False,1,1,4,11.6
TXT,single,Lonely Boy (The tattoo on my ring finger),2022-05-09,2022,58,168751,False,1,4,3,14.5
BTS,album,Trivia 承 : Love,2018-08-24,2018,58,225697,False,1,6,7,7.25
BTS,album,Don't Leave Me,2018-04-04,2018,58,227413,False,1,7,7,7.25
BTS,album,Lights,2020-07-14,2020,57,292853,False,1,11,5,9.5
TXT,single,Danger,2024-11-04,2024,57,135948,False,1,3,1,28.5
TXT,single,Maze in the Mirror,2020-05-18,2020,57,226083,False,1,4,5,9.5
TXT,single,Resist (Not Gonna Run Away),2024-11-04,2024,57,129735,False,1,4,1,28.5
TXT,single,Fairy of Shampoo,2020-05-18,2020,57,267099,False,1,3,5,9.5
Blackpink,album,Yeah Yeah Yeah,2022-09-16,2022,57,178923,False,1,4,3,14.25
BTS,album,Life Goes On,2022-06-10,2022,57,208088,False,1,17,3,14.25
TXT,album,Dreamer,2023-10-13,2023,57,186584,False,1,4,2,19.0
TXT,album,MOA Diary (Dubaddu Wari Wari),2021-08-17,2021,57,188276,False,1,8,4,11.4
BTS,single,"Angel Pt. 2 (feat. Jimin of BTS, Charlie Puth and Muni Long)",2023-05-18,2023,57,176454,False,1,2,2,19.0
aespa,single,Dreams Come True,2021-12-20,2021,57,204933,False,1,1,4,11.4
TXT,album,Blue Spring,2023-10-13,2023,57,185948,False,1,8,2,19.0
BTS,album,Intro: Boy Meets Evil,2016-10-10,2016,56,121770,False,1,1,9,5.6
aespa,single,Salty & Sweet,2023-05-08,2023,56,201760,False,1,3,2,18.666666666666668
Blackpink,single,See U Later,2018-06-15,2018,56,198866,False,1,4,7,7.0
BTS,album,Am I Wrong,2016-10-10,2016,56,213082,False,1,12,9,5.6
BTS,album,Miss Right,2014-05-14,2014,56,241374,False,1,1,11,4.666666666666667
TXT,single,PUMA,2020-05-18,2020,56,205519,False,1,5,5,9.333333333333334
TXT,single,Our Summer,2019-03-04,2019,56,210280,False,1,3,6,8.0
TXT,single,Ghosting,2020-10-26,2020,56,223491,False,1,1,5,9.333333333333334
BTS,single,Come Back Home,2017-07-04,2017,55,244587,False,1,1,8,6.111111111111111
TXT,single,We Lost The Summer,2020-10-26,2020,55,210549,False,1,3,5,9.166666666666666
TXT,single,Forty One Winks,2024-11-04,2024,55,153142,False,1,5,1,27.5
TXT,single,Higher Than Heaven,2024-11-04,2024,55,161734,False,1,6,1,27.5
TXT,album,New Rules,2019-10-21,2019,55,174106,False,1,1,6,7.857142857142857
TXT,single,Nap of a star,2019-03-04,2019,55,243013,False,1,5,6,7.857142857142857
BTS,single,A Brand New Day (BTS World Original Soundtrack) (Pt. 2),2019-06-14,2019,55,205019,False,1,1,6,7.857142857142857
TXT,album,Dear Sputnik,2021-05-31,2021,55,194912,False,1,7,4,11.0
TXT,album,20cm,2019-10-21,2019,55,217026,False,1,7,6,7.857142857142857
TXT,album,Growing Pain,2023-10-13,2023,55,200543,False,1,1,2,18.33333333333333
TXT,album,Skipping Stones,2023-10-13,2023,55,200847,False,1,7,2,18.33333333333333
Blackpink,single,Hope Not,2019-04-05,2019,55,191030,False,1,4,6,7.857142857142857
BTS,album,MAMA,2016-10-10,2016,55,212275,False,1,8,9,5.5
BTS,album,Interlude: Wings,2016-10-10,2016,55,144313,False,1,15,9,5.5
BTS,album,Intro: Serendipity,2017-09-18,2017,55,139971,False,1,1,8,6.111111111111111
aespa,album,Trick or Trick,2023-11-10,2023,54,175440,False,1,2,2,18.0
TXT,single,Eternally,2020-05-18,2020,54,217374,False,1,6,5,9.0
aespa,single,Welcome To MY World (feat. nævis),2023-05-02,2023,54,206920,False,1,1,2,18.0
aespa,single,YEPPI YEPPI,2021-10-05,2021,54,213560,False,1,4,4,10.8
BTS,album,ON,2022-06-10,2022,54,246817,False,1,15,3,13.5
TXT,single,Blue Orangeade,2019-03-04,2019,54,185520,False,1,1,6,7.714285714285714
TXT,album,Frost,2021-05-31,2021,54,194771,False,1,8,4,10.8
TXT,album,Magic,2021-05-31,2021,54,159749,False,1,3,4,10.8
BTS,album,First Love,2016-10-10,2016,54,189795,False,1,6,9,5.4
TXT,album,Magic Island,2019-10-21,2019,53,192920,False,1,6,6,7.571428571428571
TXT,single,Wishlist,2020-10-26,2020,53,191788,False,1,4,5,8.833333333333334
TXT,single,Trust Fund Baby,2022-05-09,2022,53,156364,False,1,3,3,13.25
TXT,single,Can′t Stop,2024-11-18,2024,53,190746,False,1,1,1,26.5
TXT,album,Deep Down,2023-10-13,2023,53,163619,False,1,5,2,17.666666666666668
BTS,album,Iine!Pt.2 - Ano Bashode -,2014-12-24,2014,53,235466,False,1,8,11,4.416666666666667
BTS,album,Boy With Luv (Feat. Halsey),2022-06-10,2022,53,229773,False,1,14,3,13.25
aespa,single,I'm Unhappy,2023-05-08,2023,53,205893,False,1,5,2,17.666666666666668
BTS,album,Spring Day,2022-06-10,2022,53,274703,False,1,10,3,13.25
BTS,album,Burning Up (FIRE),2022-06-10,2022,53,203957,False,1,8,3,13.25
BTS,album,I NEED U,2022-06-10,2022,53,210986,False,1,6,3,13.25
BTS,album,Boy In Luv,2022-06-10,2022,53,231384,False,1,4,3,13.25
BTS,album,No More Dream,2022-06-10,2022,53,222066,False,1,2,3,13.25
aespa,single,Flowers,2024-10-21,2024,52,190733,False,1,5,1,26.0
aespa,album,You,2023-11-10,2023,52,203306,False,1,6,2,17.333333333333332
TXT,single,Happy Fools (feat. Coi Leray),2023-01-27,2023,52,155753,False,1,3,2,17.333333333333332
TXT,single,Valley of Lies,2022-07-22,2022,52,184093,False,1,1,3,13.0
aespa,album,BAHAMA,2024-05-27,2024,52,190533,False,1,6,1,26.0
BTS,album,OUTRO : Crack,2018-04-04,2018,52,74746,False,1,12,7,6.5
BTS,album,Tear,2018-08-24,2018,52,284980,False,1,12,7,6.5
BTS,album,Her,2018-08-24,2018,52,228612,False,1,7,7,6.5
BTS,album,Outro: Her,2017-09-18,2017,52,228612,False,1,9,8,5.777777777777778
TXT,single,Love Story,2024-11-15,2024,52,235502,False,1,1,1,26.0
BTS,album,RUN,2022-06-10,2022,52,236748,False,1,7,3,13.0
BTS,album,Filter,2022-06-10,2022,52,180220,False,2,10,3,13.0
aespa,single,ICONIC,2021-10-05,2021,52,191200,False,1,5,4,10.4
BTS,album,For You,2016-09-07,2016,52,284586,False,1,11,9,5.2
BTS,album,Reflection,2016-10-10,2016,51,233917,False,1,7,9,5.1
BTS,album,Intro.,2014-12-24,2014,51,75080,False,1,1,11,4.25
BTS,album,Just One Day,2014-05-14,2014,51,239469,False,1,7,11,4.25
aespa,album,Don't Blink,2023-11-10,2023,51,169000,False,1,3,2,17.0
TXT,single,Love Sight,2021-05-24,2021,51,252253,False,1,1,4,10.2
BTS,album,INTRO : Calling,2020-07-14,2020,51,84613,False,1,1,5,8.5
BTS,album,N.O,2022-06-10,2022,51,209751,False,1,3,3,12.75
BTS,album,00:00 (Zero O'Clock),2022-06-10,2022,51,250295,False,2,13,3,12.75
Blackpink,album,SOLO,2021-06-01,2021,50,165993,False,1,8,4,10.0
TXT,album,Angel Or Devil,2019-10-21,2019,50,232480,False,1,8,6,7.142857142857143
TXT,album,Poppin' Star,2019-10-21,2019,50,193426,False,1,4,6,7.142857142857143
BTS,album,OUTRO : The Journey,2020-07-14,2020,50,76506,False,1,13,5,8.333333333333334
aespa,single,Kill It,2024-10-21,2024,50,199626,False,1,2,1,25.0
aespa,single,Pink Hoodie,2024-10-21,2024,50,146546,False,1,4,1,25.0
aespa,album,Hot Air Balloon,2023-11-10,2023,50,198693,False,1,4,2,16.666666666666668
aespa,album,Set The Tone,2024-05-27,2024,50,202533,False,1,3,1,25.0
TXT,single,Open Always Wins,2024-07-17,2024,50,142344,False,1,1,1,25.0
aespa,single,I'll Make You Cry,2021-10-05,2021,50,214853,False,1,3,4,10.0
aespa,single,We Go,2023-08-23,2023,50,188532,False,1,1,2,16.666666666666668
BTS,album,Wishing On A Star,2016-09-07,2016,50,271760,False,1,9,9,5.0
aespa,album,Prologue,2024-05-27,2024,49,194120,False,1,8,1,24.5
aespa,album,YOLO,2023-11-10,2023,49,189373,False,1,5,2,16.333333333333332
BTS,album,Moon,2022-06-10,2022,49,208201,False,2,4,3,12.25
aespa,single,Just Another Girl,2024-10-21,2024,49,184266,False,1,6,1,24.5
BTS,album,Boy in Luv,2014-05-14,2014,49,230778,False,1,4,11,4.083333333333333
BTS,album,Jump,2014-05-14,2014,49,236488,False,1,11,11,4.083333333333333
TXT,single,Way Home,2020-10-26,2020,49,182945,False,1,5,5,8.166666666666666
TXT,album,Roller Coaster,2019-10-21,2019,49,214346,False,1,3,6,7.0
BTS,album,Outro.,2014-12-24,2014,49,96493,False,1,13,11,4.083333333333333
aespa,single,'Til We Meet Again,2023-05-08,2023,49,218360,False,1,6,2,16.333333333333332
BTS,album,Friends,2022-06-10,2022,48,199338,False,2,11,3,12.0
BTS,album,Good Day,2016-09-07,2016,48,267506,False,1,5,9,4.8
TXT,album,What if I had been that PUMA,2021-05-31,2021,48,212703,False,1,5,4,9.6
aespa,album,Melody,2024-05-27,2024,48,187853,False,1,10,1,24.0
BTS,album,Jamais Vu,2022-06-10,2022,48,227275,False,2,5,3,12.0
BTS,album,BTS Cypher PT.3 : KILLER (Feat. Supreme Boi),2022-06-10,2022,48,268604,False,2,7,3,12.0
aespa,single,Die Trying,2024-04-04,2024,48,175680,False,1,1,1,24.0
TXT,single,Goodbye Now,2023-02-22,2023,48,276520,False,1,1,2,16.0
BTS,album,INTRO : Ringwanderung,2018-04-04,2018,48,86053,False,1,1,7,6.0
BTS,album,Stay,2022-06-10,2022,48,206208,False,2,3,3,12.0
aespa,single,"Flights, Not Feelings",2024-10-21,2024,48,181666,False,1,3,1,24.0
Blackpink,album,Gone,2021-06-01,2021,47,99271,False,1,9,4,9.4
TXT,single,Free Falling,2022-09-19,2022,47,217207,False,1,1,3,11.75
BTS,album,작은 것들을 위한 시 (Boy With Luv) (feat. Halsey),2019-04-12,2019,47,229773,False,1,2,6,6.714285714285714
aespa,album,Mine,2024-05-27,2024,47,193253,False,1,4,1,23.5
TXT,single,Ito,2021-11-02,2021,47,243247,False,1,1,4,9.4
aespa,single,Jingle Bell Rock,2023-11-24,2023,47,130613,False,1,1,2,15.666666666666666
TXT,album,Ice Cream,2021-05-31,2021,47,202761,False,1,4,4,9.4
BTS,album,Spine Breaker,2014-05-14,2014,47,238529,False,1,10,11,3.9166666666666665
BTS,album,Tomorrow,2014-05-14,2014,47,261574,False,1,8,11,3.9166666666666665
BTS,album,Outro : Ego,2022-06-10,2022,47,196353,False,2,8,3,11.75
BTS,album,Intro : Persona,2022-06-10,2022,47,171023,False,2,2,3,11.75
aespa,album,Long Chat (#♥),2024-05-27,2024,46,195786,False,1,7,1,23.0
BTS,album,Outro: Propose,2014-05-14,2014,46,122513,False,1,12,11,3.8333333333333335
aespa,album,Licorice,2024-05-27,2024,46,158933,False,1,5,1,23.0
BTS,album,Wake Up,2014-12-24,2014,46,352133,False,1,12,11,3.8333333333333335
BTS,album,Skit: Billboard Music Awards Speech,2017-09-18,2017,46,107062,False,1,6,8,5.111111111111111
TXT,single,Your Light,2020-11-24,2020,45,217893,False,1,1,5,7.5
BTS,album,The Stars,2014-12-24,2014,45,255320,False,1,2,11,3.75
TXT,single,EYES (from “Armored Saurus”),2021-11-04,2021,44,214197,False,1,1,4,8.8
TXT,album,Force,2021-01-19,2021,44,241453,False,1,2,4,8.8
BTS,album,Where You From,2014-05-14,2014,44,240106,False,1,6,11,3.6666666666666665
TXT,single,"0X1=LOVESONG (I Know I Love You) feat. pH-1, Woodie Gochild, Seori",2021-06-25,2021,44,205147,False,1,1,4,8.8
BTS,album,Skit: Soulmate,2014-05-14,2014,44,92791,False,1,5,11,3.6666666666666665
aespa,single,Beautiful Christmas,2022-12-14,2022,44,209800,False,1,1,3,11.0
BTS,album,BTS Cypher Pt.2: Triptych,2014-05-14,2014,44,288771,False,1,9,11,3.6666666666666665
BTS,album,Intro: Skool Luv Affair,2014-05-14,2014,43,178282,False,1,3,11,3.583333333333333
BTS,album,Iine!,2014-12-24,2014,42,232466,False,1,7,11,3.5
BTS,album,Introduction : Youth,2016-09-07,2016,42,138973,False,1,1,9,4.2
TXT,album,Outro : STILL,2021-01-19,2021,41,73600,False,1,10,4,8.2
aespa,album,도깨비불 (Illusion),2022-07-08,2022,40,195053,False,1,2,3,10.0
BTS,album,소우주 (Mikrokosmos),2019-04-12,2019,40,224225,False,1,3,6,5.714285714285714
TXT,single,PS5,2022-02-23,2022,40,152214,False,1,1,3,10.0
aespa,album,Girls,2022-07-08,2022,40,240440,False,1,1,3,10.0
Blackpink,album,DDU-DU-DDU-DU,2021-06-01,2021,39,241555,False,1,11,4,7.8
aespa,single,Hot Mess,2024-07-03,2024,39,192375,False,1,1,1,19.5
BTS,album,봄날,2017-02-13,2017,39,274097,False,1,15,8,4.333333333333333
TXT,album,Intro : DREAMING,2021-01-19,2021,38,74306,False,1,1,4,7.6
BTS,single,Waste It On Me (feat. BTS),2018-10-25,2018,38,192536,False,1,1,7,4.75
aespa,single,Supernova - KENZIE RE:WORKS,2024-10-07,2024,37,212440,False,1,1,1,18.5
TXT,single,0X1=LOVESONG (I Know I Love You) feat. MOD SUN,2021-09-10,2021,37,218755,False,1,1,4,7.4
BTS,single,"Angel Pt. 2 (feat. Jimin of BTS, Charlie Puth & Muni Long) (Sped Up)",2023-06-28,2023,36,147189,False,1,2,2,12.0
BTS,album,Make It Right,2019-04-12,2019,36,226321,False,1,4,6,5.142857142857143
BTS,single,Angel Pt. 2,2023-07-13,2023,36,176454,False,1,1,2,12.0
BTS,album,HOME,2019-04-12,2019,36,234177,False,1,5,6,5.142857142857143
BTS,album,00:00 (Zero O’Clock),2020-02-21,2020,35,250295,False,1,13,5,5.833333333333333
BTS,album,좋아요,2013-06-12,2013,34,231893,False,1,6,12,2.6153846153846154
BTS,single,Angel Pt. 2 - Sped Up,2023-07-13,2023,34,147189,False,1,2,2,11.333333333333334
BTS,album,Inner Child,2020-02-21,2020,34,233265,False,1,14,5,5.666666666666667
BTS,single,"Angel Pt. 1 (feat. Kodak Black, NLE Choppa, Jimin of BTS, JVKE & Muni Long)",2024-05-15,2024,33,175802,False,1,2,1,16.5
BTS,album,I Need U,2015-04-29,2015,33,210986,False,1,2,10,3.0
BTS,album,쩔어,2015-04-29,2015,33,240020,False,1,5,10,3.0
aespa,single,By Your Side,2023-08-23,2023,32,167000,False,1,2,2,10.666666666666666
BTS,album,불타오르네 (Fire),2016-05-02,2016,32,203351,False,1,10,9,3.2
BTS,album,시차,2020-02-21,2020,32,234457,False,1,9,5,5.333333333333333
BTS,single,Angel Pt. 2 (feat. Jimin of BTS & JVKE feat. Charlie Puth & Muni Long),2024-05-15,2024,32,176454,False,1,3,1,16.0
BTS,album,Save Me,2016-05-02,2016,31,196505,False,1,11,9,3.1
BTS,album,친구,2020-02-21,2020,31,199338,False,1,15,5,5.166666666666667
BTS,album,Dionysus,2019-04-12,2019,31,249215,False,1,7,6,4.428571428571429
BTS,album,We are Bulletproof : the Eternal,2020-02-21,2020,31,261542,False,1,18,5,5.166666666666667
BTS,album,상남자 (Boy in Luv),2014-02-12,2014,30,230778,False,1,2,11,2.5
aespa,single,ZOOM ZOOM,2023-10-06,2023,30,192733,False,1,1,2,10.0
aespa,single,Sun and Moon,2024-07-03,2024,30,199635,False,1,2,1,15.0
BTS,album,Not Today,2017-02-13,2017,30,231859,False,1,16,8,3.333333333333333
BTS,album,Interlude : Shadow,2020-02-21,2020,29,259821,False,1,6,5,4.833333333333333
aespa,album,Life's Too Short,2022-07-08,2022,29,178133,False,1,4,3,7.25
BTS,album,Butterfly,2015-11-30,2015,29,238861,False,1,3,10,2.636363636363636
aespa,album,ICU (쉬어가도 돼),2022-07-08,2022,29,221640,False,1,5,3,7.25
BTS,album,Run,2015-11-30,2015,28,236748,False,1,2,10,2.5454545454545454
BTS,album,호르몬 전쟁,2014-08-20,2014,27,265602,False,1,3,11,2.25
BTS,album,욱 (UGH!),2020-02-21,2020,27,225012,False,1,12,5,4.5
BTS,album,고엽,2015-11-30,2015,26,267150,False,1,8,10,2.363636363636364
BTS,album,Outro: Wings,2017-02-13,2017,26,225446,False,1,17,8,2.888888888888889
BTS,album,Epilogue: Young Forever,2016-05-02,2016,26,171803,False,1,12,9,2.6
TXT,single,Step by Step,2025-05-26,2025,25,204623,False,1,1,0,25.0
BTS,album,뱁새,2015-11-30,2015,25,233160,False,1,6,10,2.272727272727273
BTS,album,하루만,2014-02-12,2014,25,239469,False,1,5,11,2.083333333333333
BTS,album,Blue & Grey,2020-11-20,2020,24,254950,False,1,3,5,4.0
BTS,album,Louder than bombs,2020-02-21,2020,24,217404,False,1,10,5,4.0
BTS,album,잡아줘 (Hold Me Tight),2015-04-29,2015,24,274991,False,1,3,10,2.1818181818181817
BTS,album,Whalien 52,2015-11-30,2015,24,243222,False,1,4,10,2.1818181818181817
aespa,album,Lingo,2022-07-08,2022,24,156866,False,1,3,3,6.0
BTS,album,잠시,2020-11-20,2020,23,202313,False,1,5,5,3.8333333333333335
BTS,album,병,2020-11-20,2020,23,239722,False,1,6,5,3.8333333333333335
BTS,album,Coffee,2013-09-11,2013,23,260433,False,1,6,12,1.7692307692307692
BTS,album,진격의 방탄,2013-09-11,2013,22,246525,False,1,8,12,1.6923076923076923
TXT,single,Rise,2025-04-07,2025,21,205452,False,1,1,0,21.0
BTS,album,흥탄소년단,2015-04-29,2015,21,244156,False,1,6,10,1.9090909090909087
BTS,album,내 방을 여행하는 법,2020-11-20,2020,21,222242,False,1,2,5,3.5
BTS,album,이불킥,2014-08-20,2014,20,241761,False,1,10,11,1.6666666666666667
BTS,album,이사,2015-04-29,2015,20,292569,False,1,8,10,1.818181818181818
TXT,album,Hydrangea Love,2023-07-05,2023,20,232736,False,1,2,2,6.666666666666667
BTS,album,Respect,2020-02-21,2020,20,237540,False,1,17,5,3.333333333333333
TXT,single,Kitto Zutto,2024-07-03,2024,20,171359,False,1,3,1,10.0
BTS,album,Ma City,2015-11-30,2015,19,256686,False,1,5,10,1.7272727272727273
TXT,album,Hitori no Yoru,2023-07-05,2023,18,218859,False,1,9,2,6.0
BTS,album,Rain,2014-08-20,2014,18,264666,False,1,6,11,1.5
BTS,album,여기 봐,2014-08-20,2014,18,218887,False,1,12,11,1.5
BTS,album,Outro: House of Cards,2015-11-30,2015,18,177413,False,1,9,10,1.6363636363636365
TXT,album,Ring,2023-07-05,2023,17,204111,False,1,6,2,5.666666666666667
BTS,album,BTS Cypher Pt.3: Killer,2014-08-20,2014,17,267782,False,1,7,11,1.4166666666666667
BTS,album,Outro: 그게 말이 돼?,2014-08-20,2014,17,172658,False,1,14,11,1.4166666666666667
BTS,album,24/7=Heaven,2014-08-20,2014,16,226425,False,1,11,11,1.3333333333333333
BTS,album,Outro: Love Is Not Over,2015-04-29,2015,16,143862,False,1,9,10,1.4545454545454546
BTS,album,Intro: 화양연화,2015-04-29,2015,16,123033,False,1,1,10,1.4545454545454546
BTS,album,팔도강산,2013-09-11,2013,16,205061,False,1,9,12,1.2307692307692308
BTS,album,ON (Feat. Sia),2020-02-21,2020,16,246816,False,1,20,5,2.6666666666666665
BTS,album,2학년,2014-08-20,2014,16,235020,False,1,13,11,1.3333333333333333
BTS,album,어디에서 왔는지,2014-02-12,2014,15,240106,False,1,4,11,1.25
BTS,album,둘! 셋! (그래도 좋은 날이 더 많기를),2017-02-13,2017,15,272537,False,1,14,8,1.6666666666666667
BTS,album,등골브레이커,2014-02-12,2014,14,238529,False,1,8,11,1.1666666666666667
BTS,album,We Are Bulletproof Pt.2,2013-06-12,2013,14,223933,False,1,2,12,1.0769230769230769
BTS,album,작은 것들을 위한 시 (Boy With Luv) [feat. Halsey],2020-02-21,2020,14,229773,False,1,2,5,2.333333333333333
BTS,album,Let Me Know,2014-08-20,2014,14,254973,False,1,5,11,1.1666666666666667
BTS,album,피 땀 눈물,2017-02-13,2017,13,217051,False,1,2,8,1.4444444444444444
BTS,album,핸드폰 좀 꺼줄래,2014-08-20,2014,12,234062,False,1,9,11,1.0
BTS,album,Outro: Luv in Skool,2013-09-11,2013,12,86044,False,1,10,12,0.9230769230769232
BTS,album,If I Ruled the World,2013-09-11,2013,11,247450,False,1,5,12,0.8461538461538461
BTS,album,Skit: Expectation!,2015-04-29,2015,11,147693,False,1,4,10,1.0
BTS,album,힙합성애자,2014-08-20,2014,11,257299,False,1,4,11,0.9166666666666666
BTS,album,We On,2013-09-11,2013,11,230885,False,1,3,12,0.8461538461538461
BTS,album,Interlude: 뭐해,2014-08-20,2014,10,41757,False,1,8,11,0.8333333333333334
BTS,album,Intro: What Am I to You,2014-08-20,2014,9,165121,False,1,1,11,0.75
BTS,album,BTS Cypher Pt.1,2013-09-11,2013,9,131192,False,1,7,12,0.6923076923076923
BTS,album,21세기 소녀,2017-02-13,2017,9,192596,False,1,13,8,1.0
TXT,album,Intro : FLOATING,2023-07-05,2023,8,111935,False,1,1,2,2.6666666666666665
BTS,album,Interlude,2013-06-12,2013,8,52440,False,1,5,12,0.6153846153846154
BTS,album,"Intro: O!RUL8,2?",2013-09-11,2013,7,70531,False,1,1,12,0.5384615384615384
BTS,album,Skit: One Night in a Strange City,2015-11-30,2015,7,263129,False,1,7,10,0.6363636363636364
TXT,album,Outro : FALLING,2023-07-05,2023,7,129362,False,1,12,2,2.333333333333333
BTS,album,Intro: 2 Cool 4 Skool,2013-06-12,2013,6,63786,False,1,1,12,0.4615384615384615
BTS,album,Skit,2020-11-20,2020,6,179547,False,1,4,5,1.0
TXT,album,- --- -- --- .-. .-. --- .--,2024-04-01,2024,5,7402,False,1,2,1,2.5
BTS,album,Skit: Circle Room Talk,2013-06-12,2013,4,131906,False,1,3,12,0.3076923076923077
BTS,album,Skit: R U Happy Now?,2013-09-11,2013,4,148072,False,1,4,12,0.3076923076923077
BTS,album,Outro: Circle Room Cypher,2013-06-12,2013,4,323640,False,1,7,12,0.3076923076923077
